,id,observed_on,description,latitude,longitude,map_scale,timeframe,species_guess,user_id,taxon_id,created_at,updated_at,place_guess,id_please,observed_on_string,iconic_taxon_id,num_identification_agreements,num_identification_disagreements,time_observed_at,time_zone,location_is_exact,delta,positional_accuracy,private_latitude,private_longitude,geoprivacy,quality_grade,positioning_method,positioning_device,out_of_range,license,uri,observation_photos_count,comments_count,zic_time_zone,oauth_application_id,observation_sounds_count,identifications_count,captive,community_taxon_id,site_id,old_uuid,public_positional_accuracy,mappable,cached_votes_total,last_indexed_at,private_place_guess,uuid,taxon_geoprivacy,short_description,user_login,iconic_taxon_name,tag_list,faves_count,created_at_utc,updated_at_utc,time_observed_at_utc,owners_identification_from_vision,user,taxon_name,rank,ancestry,common_name,common_name_id,common_name_name,is_valid,lexicon,rank_level,medium_photo_url,coordinates_obscured
0,68797540,2020-09-27,,47.6567092273,-122.4259859423,,,Pacific Salmons and Trouts,1932423,47522,2021-01-30T09:10:06.634Z,2021-02-12T03:20:56.633Z,"Seattle, WA, USA",False,2020/09/27,47178,3,1,,Pacific Time (US & Canada),False,False,100.0,,,,needs_id,,,,CC-BY-NC,https://www.inaturalist.org/observations/68797540,1,0,America/Los_Angeles,,0,4,False,47522.0,1,,100.0,True,0,2021-02-16T04:45:32.456Z,,c9eced2d-946e-4da9-83db-984298cf8782,,,redband_,Actinopterygii,[],0,2021-01-30T09:10:06.634Z,2021-02-12T03:20:56.633Z,,False,"{'login': 'redband_', 'user_icon_url': 'https://static.inaturalist.org/attachments/users/icons/1932423/thumb.jpg?1611963962'}",Oncorhynchus,genus,48460/1/2/355675/47178/47521/47520/342904,Pacific Salmons and Trouts,534702,Pacific Salmons and Trouts,True,English,50.0,https://inaturalist-open-data.s3.amazonaws.com/photos/111489267/medium.jpg?1611997713,
1,67336811,2016-11-10,"Being eaten by a juvenile gull in Carkeek Park. Given its size, I presume it was dragged out of the creek by a larger predator, possibly a racoon or coyote",47.711652962,-122.3753142357,,,Chum Salmon,300689,107572,2020-12-31T03:23:34.685Z,2020-12-31T03:24:18.741Z,"Northwest Seattle, Seattle, WA, USA",False,2016/11/10 4:22 PM PST,47178,0,0,2016-11-11T00:22:00.000Z,Pacific Time (US & Canada),False,False,31.0,,,,needs_id,,,,CC-BY-NC,https://www.inaturalist.org/observations/67336811,1,0,America/Los_Angeles,,0,1,False,,1,,31.0,True,0,2020-12-31T10:13:42.345Z,,8c6edbfe-9c4a-4025-ad52-e5f29934aff6,,"Being eaten by a juvenile gull in Carkeek Park. Given its size, I presume it was dragged out of the creek by a larger predator, possibly a racoon o...",ewrunn1ng,Actinopterygii,[],0,2020-12-31T03:23:34.685Z,2020-12-31T03:24:18.741Z,2016-11-11T00:22:00.000Z,False,"{'login': 'ewrunn1ng', 'user_icon_url': 'https://static.inaturalist.org/attachments/users/icons/300689/thumb.jpg?1546202709'}",Oncorhynchus keta,species,48460/1/2/355675/47178/47521/47520/342904/47522,Chum Salmon,247040,Chum Salmon,True,English,50.0,https://inaturalist-open-data.s3.amazonaws.com/photos/5486143/medium.jpeg?1478828959,
2,65501242,2020-11-23,,47.7113324374,-122.3751670783,,,Chum Salmon,300689,107572,2020-11-24T00:38:05.942Z,2020-11-24T13:05:25.902Z,"Broadview, Seattle, WA, USA",False,2020/11/23 2:56 PM PST,47178,2,0,2020-11-23T22:56:00.000Z,Pacific Time (US & Canada),False,False,15.0,,,,research,,,,CC-BY-NC,https://www.inaturalist.org/observations/65501242,3,0,America/Los_Angeles,,0,3,False,107572.0,1,,15.0,True,0,2020-12-28T03:13:04.563Z,,ceaad4b6-2876-42e9-a5e2-1fdc90e96330,,,ewrunn1ng,Actinopterygii,[],0,2020-11-24T00:38:05.942Z,2020-11-24T13:05:25.902Z,2020-11-23T22:56:00.000Z,False,"{'login': 'ewrunn1ng', 'user_icon_url': 'https://static.inaturalist.org/attachments/users/icons/300689/thumb.jpg?1546202709'}",Oncorhynchus keta,species,48460/1/2/355675/47178/47521/47520/342904/47522,Chum Salmon,247040,Chum Salmon,True,English,50.0,https://inaturalist-open-data.s3.amazonaws.com/photos/105438722/medium.jpeg?1606177795,
3,65501240,2020-11-23,,47.7109552716,-122.372153748,,,Chum Salmon,300689,107572,2020-11-24T00:38:05.021Z,2020-11-24T13:05:39.729Z,"Broadview, Seattle, WA, USA",False,2020/11/23 2:40 PM PST,47178,2,0,2020-11-23T22:40:00.000Z,Pacific Time (US & Canada),False,False,8.0,,,,research,,,,CC-BY-NC,https://www.inaturalist.org/observations/65501240,2,0,America/Los_Angeles,,0,3,False,107572.0,1,,8.0,True,0,2020-12-28T03:12:47.811Z,,12bae759-d27f-4a44-982e-7611cae0b80a,,,ewrunn1ng,Actinopterygii,[],0,2020-11-24T00:38:05.021Z,2020-11-24T13:05:39.729Z,2020-11-23T22:40:00.000Z,True,"{'login': 'ewrunn1ng', 'user_icon_url': 'https://static.inaturalist.org/attachments/users/icons/300689/thumb.jpg?1546202709'}",Oncorhynchus keta,species,48460/1/2/355675/47178/47521/47520/342904/47522,Chum Salmon,247040,Chum Salmon,True,English,50.0,https://inaturalist-open-data.s3.amazonaws.com/photos/105438625/medium.jpeg?1606177735,
4,63661406,2020-10-24,"Female, pre-spawn mortality
",47.5659089365,-122.3672354109,,,Coho Salmon,3715484,53692,2020-10-27T21:24:13.417Z,2020-11-01T06:25:29.318Z,"SW Nevada St, Seattle, WA, US",False,Sat Oct 24 2020 15:30:57 GMT-0700 (PDT),47178,1,0,2020-10-24T22:30:57.000Z,Pacific Time (US & Canada),False,False,75.0,,,,research,,,,,https://www.inaturalist.org/observations/63661406,1,0,America/Los_Angeles,3.0,0,2,False,53692.0,1,,75.0,True,0,2020-12-28T03:07:34.470Z,,c195ab2f-0c95-4503-a266-a5b0b88ce7a3,,"Female, pre-spawn mortality
",jessie_dirks,Actinopterygii,[],0,2020-10-27T21:24:13.417Z,2020-11-01T06:25:29.318Z,2020-10-24T22:30:57.000Z,False,"{'login': 'jessie_dirks', 'user_icon_url': 'https://static.inaturalist.org/attachments/users/icons/3715484/thumb.jpeg?1602006388'}",Oncorhynchus kisutch,species,48460/1/2/355675/47178/47521/47520/342904/47522,Coho Salmon,85145,Coho Salmon,True,English,50.0,https://static.inaturalist.org/photos/102209147/medium.jpg?1603833859,
5,63426459,2020-08-19,,47.5603817483,-122.3376159556,,,Coastal Rainbow Trout,2190904,143607,2020-10-24T21:11:06.394Z,2020-11-12T16:36:27.450Z,Seattle,False,2020-08-19T21:40:00-07:00,47178,3,0,2020-08-20T04:40:00.000Z,Pacific Time (US & Canada),False,False,90512.0,,,,research,,,,,https://www.inaturalist.org/observations/63426459,1,0,America/Los_Angeles,333.0,0,4,False,143607.0,1,,90512.0,False,0,2020-12-28T14:09:47.637Z,,d19f79bb-8b3b-4ddf-99de-03116f8588dd,,,mar_mar_,Actinopterygii,[],0,2020-10-24T21:11:06.394Z,2020-11-12T16:36:27.450Z,2020-08-20T04:40:00.000Z,True,"{'login': 'mar_mar_', 'user_icon_url': None}",Oncorhynchus mykiss irideus,subspecies,48460/1/2/355675/47178/47521/47520/342904/47522/47516,Coastal Rainbow Trout,324862,Coastal Rainbow Trout,True,English,50.0,https://inaturalist-open-data.s3.amazonaws.com/photos/101785467/medium.jpeg?1603573874,
6,63190886,2020-10-20,,47.69663833,-122.272505,,,Sockeye Salmon,2206929,69922,2020-10-21T20:16:06.567Z,2020-10-22T15:03:49.296Z,"Lake Washington, Seattle, WA, US",False,Tue Oct 20 2020 07:47:08 GMT-0700 (PDT),47178,3,0,2020-10-20T14:47:08.000Z,Pacific Time (US & Canada),False,False,4.0,,,,research,,,,CC-BY-NC,https://www.inaturalist.org/observations/63190886,4,0,America/Los_Angeles,3.0,0,5,False,69922.0,1,,4.0,True,0,2020-12-28T12:04:23.567Z,,05c12500-fd85-4bfb-8706-b4b32a6da7c4,open,,jarvis_kane,Actinopterygii,[],0,2020-10-21T20:16:06.567Z,2020-10-22T15:03:49.296Z,2020-10-20T14:47:08.000Z,False,"{'login': 'jarvis_kane', 'user_icon_url': None}",Oncorhynchus nerka,species,48460/1/2/355675/47178/47521/47520/342904/47522,Sockeye Salmon,223525,Sockeye Salmon,True,English,50.0,https://inaturalist-open-data.s3.amazonaws.com/photos/101374404/medium.jpg?1603311371,
7,63090905,2020-10-19,Wild Coho Salmon in the Seattle Aquarium's fish ladder.,47.7726873314,-122.2240467786,,,Coho Salmon,300689,53692,2020-10-20T14:17:00.737Z,2020-10-20T20:33:44.012Z,"Washington, US",False,2020-10-19 12:20:20 PM PDT,47178,2,0,2020-10-19T19:20:20.000Z,Pacific Time (US & Canada),False,False,,,,,research,gps,gps,,CC-BY-NC,https://www.inaturalist.org/observations/63090905,1,0,America/Los_Angeles,2.0,0,4,False,53692.0,1,,,True,0,2020-12-28T01:52:20.904Z,,33c803a3-3118-4620-aa65-e086a3cff904,,Wild Coho Salmon in the Seattle Aquarium's fish ladder.,ewrunn1ng,Actinopterygii,[],0,2020-10-20T14:17:00.737Z,2020-10-20T20:33:44.012Z,2020-10-19T19:20:20.000Z,False,"{'login': 'ewrunn1ng', 'user_icon_url': 'https://static.inaturalist.org/attachments/users/icons/300689/thumb.jpg?1546202709'}",Oncorhynchus kisutch,species,48460/1/2/355675/47178/47521/47520/342904/47522,Coho Salmon,85145,Coho Salmon,True,English,50.0,https://inaturalist-open-data.s3.amazonaws.com/photos/101197710/medium.jpeg?1603203439,
8,63086503,2020-10-19,Wild salmon in the Seattle Aquarium's fish ladder.,47.6079509444,-122.3435904722,,,Coho Salmon,300689,53692,2020-10-20T12:51:42.405Z,2020-10-20T20:32:33.825Z,"Pike Place Market, Seattle, WA, USA",False,2020-10-19 12:19:53 PM PDT,47178,2,0,2020-10-19T19:19:53.000Z,Pacific Time (US & Canada),False,False,,,,,research,gps,gps,,CC-BY-NC,https://www.inaturalist.org/observations/63086503,2,0,America/Los_Angeles,2.0,0,4,False,53692.0,1,,,True,0,2021-01-15T22:11:56.726Z,,1c44ac86-230c-47d2-ac75-3ff2c702686d,,Wild salmon in the Seattle Aquarium's fish ladder.,ewrunn1ng,Actinopterygii,[],0,2020-10-20T12:51:42.405Z,2020-10-20T20:32:33.825Z,2020-10-19T19:19:53.000Z,False,"{'login': 'ewrunn1ng', 'user_icon_url': 'https://static.inaturalist.org/attachments/users/icons/300689/thumb.jpg?1546202709'}",Oncorhynchus kisutch,species,48460/1/2/355675/47178/47521/47520/342904/47522,Coho Salmon,85145,Coho Salmon,True,English,50.0,https://inaturalist-open-data.s3.amazonaws.com/photos/101197646/medium.jpeg?1603203401,
9,62456659,2020-10-12,Wild salmon in the Seattle Aquarium fish ladder.,47.7863861404,-122.3116505875,,,Chinook Salmon,300689,54191,2020-10-13T03:00:26.870Z,2020-10-15T14:02:09.817Z,"Washington, US",False,2020-10-12 12:48:28 PM PDT,47178,1,0,2020-10-12T19:48:28.000Z,Pacific Time (US & Canada),False,False,,,,,research,gps,gps,,CC-BY-NC,https://www.inaturalist.org/observations/62456659,1,0,America/Los_Angeles,2.0,0,3,False,54191.0,1,,26807.0,True,0,2020-12-28T13:01:46.539Z,,8d3ac01a-cb75-4bf5-a1ce-644312168b44,obscured,Wild salmon in the Seattle Aquarium fish ladder.,ewrunn1ng,Actinopterygii,[],0,2020-10-13T03:00:26.870Z,2020-10-15T14:02:09.817Z,2020-10-12T19:48:28.000Z,True,"{'login': 'ewrunn1ng', 'user_icon_url': 'https://static.inaturalist.org/attachments/users/icons/300689/thumb.jpg?1546202709'}",Oncorhynchus tshawytscha,species,48460/1/2/355675/47178/47521/47520/342904/47522,Chinook Salmon,209575,Chinook Salmon,True,English,50.0,https://inaturalist-open-data.s3.amazonaws.com/photos/100071977/medium.jpeg?1602558050,True
10,62456629,2020-10-12,Wild salmon coming up the fish ladder at the Seattle Aquarium.,47.747893919,-122.3921032545,,,Chinook Salmon,300689,54191,2020-10-13T02:59:38.327Z,2020-10-14T00:25:29.556Z,"Washington, US",False,2020-10-12 12:39:00 PM PDT,47178,1,0,2020-10-12T19:39:00.000Z,Pacific Time (US & Canada),False,False,,,,,research,gps,gps,,CC-BY-NC,https://www.inaturalist.org/observations/62456629,2,0,America/Los_Angeles,2.0,0,3,False,54191.0,1,,26807.0,True,0,2020-12-28T11:47:53.400Z,,d10e89d5-c319-4aaa-b0ff-4630237192b1,obscured,Wild salmon coming up the fish ladder at the Seattle Aquarium.,ewrunn1ng,Actinopterygii,[],0,2020-10-13T02:59:38.327Z,2020-10-14T00:25:29.556Z,2020-10-12T19:39:00.000Z,True,"{'login': 'ewrunn1ng', 'user_icon_url': 'https://static.inaturalist.org/attachments/users/icons/300689/thumb.jpg?1546202709'}",Oncorhynchus tshawytscha,species,48460/1/2/355675/47178/47521/47520/342904/47522,Chinook Salmon,209575,Chinook Salmon,True,English,50.0,https://inaturalist-open-data.s3.amazonaws.com/photos/100071897/medium.jpeg?1602557998,True
11,62456049,2020-10-12,Wild salmon coming up the fish ladder at the Seattle Aquarium.,47.6169519499,-122.3193096368,,,Coho Salmon,300689,47522,2020-10-13T02:50:04.713Z,2020-11-20T13:12:52.445Z,"Washington, US",False,2020-10-12 12:38:31 PM PDT,47178,3,0,2020-10-12T19:38:31.000Z,Pacific Time (US & Canada),False,False,,,,,needs_id,gps,gps,,CC-BY-NC,https://www.inaturalist.org/observations/62456049,5,2,America/Los_Angeles,2.0,0,5,False,47522.0,1,,26807.0,True,0,2020-12-28T14:18:01.826Z,,ad959fd4-7ada-428e-b7f7-d96d4b284f9b,obscured,Wild salmon coming up the fish ladder at the Seattle Aquarium.,ewrunn1ng,Actinopterygii,[],0,2020-10-13T02:50:04.713Z,2020-11-20T13:12:52.445Z,2020-10-12T19:38:31.000Z,False,"{'login': 'ewrunn1ng', 'user_icon_url': 'https://static.inaturalist.org/attachments/users/icons/300689/thumb.jpg?1546202709'}",Oncorhynchus,genus,48460/1/2/355675/47178/47521/47520/342904,Pacific Salmons and Trouts,534702,Pacific Salmons and Trouts,True,English,50.0,https://inaturalist-open-data.s3.amazonaws.com/photos/100070977/medium.jpeg?1602557438,True
12,58309932,2015-07-10,,47.663825,-122.3848888889,,,Pacific Salmons and Trouts,917650,47522,2020-09-02T05:15:18.721Z,2020-09-02T05:15:18.774Z,"Ballard, Seattle, WA, USA",False,2015/07/10 6:38 PM CDT,47178,0,0,2015-07-10T23:38:00.000Z,Central Time (US & Canada),False,False,,,,,needs_id,,,,CC-BY-NC,https://www.inaturalist.org/observations/58309932,1,0,America/Chicago,,0,1,False,,1,,,True,0,2020-12-28T03:42:37.984Z,,a4f52448-7a97-4be3-ace8-ef8e7dc7ce7d,,,benzerante,Actinopterygii,[],0,2020-09-02T05:15:18.721Z,2020-09-02T05:15:18.774Z,2015-07-10T23:38:00.000Z,False,"{'login': 'benzerante', 'user_icon_url': 'https://static.inaturalist.org/attachments/users/icons/917650/thumb.jpg?1587613305'}",Oncorhynchus,genus,48460/1/2/355675/47178/47521/47520/342904,Pacific Salmons and Trouts,534702,Pacific Salmons and Trouts,True,English,50.0,https://inaturalist-open-data.s3.amazonaws.com/photos/93083046/medium.jpeg?1599023691,
13,54654235,2018-09-04,,47.6647611529,-122.3977669728,,,Coho Salmon,825567,53692,2020-07-28T18:09:06.340Z,2020-07-29T00:50:40.581Z,"Seattle, WA, USA",False,2018/09/04 9:45 AM EDT,47178,1,0,2018-09-04T13:45:00.000Z,Eastern Time (US & Canada),False,False,8.0,,,,research,,,,CC-BY-NC,https://www.inaturalist.org/observations/54654235,3,0,America/New_York,,0,3,False,53692.0,1,,8.0,True,0,2020-12-28T15:12:12.548Z,,3bae2bdf-5fc1-451f-83dc-2461bc41e7fc,,,kiwikiu,Actinopterygii,[],0,2020-07-28T18:09:06.340Z,2020-07-29T00:50:40.581Z,2018-09-04T13:45:00.000Z,False,"{'login': 'kiwikiu', 'user_icon_url': 'https://static.inaturalist.org/attachments/users/icons/825567/thumb.jpeg?1596051346'}",Oncorhynchus kisutch,species,48460/1/2/355675/47178/47521/47520/342904/47522,Coho Salmon,85145,Coho Salmon,True,English,50.0,https://inaturalist-open-data.s3.amazonaws.com/photos/86975909/medium.jpeg?1595959619,
14,50068606,2020-06-18,,47.65986333,-122.38301167,,,,3189294,69922,2020-06-18T17:43:59.280Z,2020-06-23T16:33:58.474Z,"Lake Washington Ship Canal, Seattle, WA, US",False,Thu Jun 18 2020 10:41:41 GMT-0700 (PDT),47178,0,0,2020-06-18T17:41:41.000Z,Pacific Time (US & Canada),False,False,65.0,,,,needs_id,,,,,https://www.inaturalist.org/observations/50068606,1,0,America/Los_Angeles,3.0,0,1,False,,1,,65.0,True,0,2020-12-28T01:14:31.230Z,,55fb346a-8e50-4536-b96d-737b4b66de2e,open,,ian507,Actinopterygii,[],0,2020-06-18T17:43:59.280Z,2020-06-23T16:33:58.474Z,2020-06-18T17:41:41.000Z,True,"{'login': 'ian507', 'user_icon_url': 'https://static.inaturalist.org/attachments/users/icons/3189294/thumb.jpeg?1592327502'}",Oncorhynchus nerka,species,48460/1/2/355675/47178/47521/47520/342904/47522,Sockeye Salmon,223525,Sockeye Salmon,True,English,50.0,https://static.inaturalist.org/photos/80487652/medium.jpg?1592930034,
15,49839010,2017-05-07,Lachstreppe an den Schleusen,47.6653028385,-122.3972853524,,,Oncorhynchus kisutch,1008037,53692,2020-06-16T14:43:12.176Z,2020-06-16T14:43:12.257Z,"Seattle, Washington, USA",False,2017/05/07 12:32 PM EAT,47178,0,0,2017-05-07T09:32:00.000Z,Nairobi,False,False,83.0,,,,needs_id,,,,CC-BY-NC-SA,https://www.inaturalist.org/observations/49839010,1,0,Africa/Nairobi,,0,1,False,,1,,83.0,True,0,2020-12-28T12:00:36.981Z,,84f26f3b-2ccf-4577-a863-27236d66ca5d,,Lachstreppe an den Schleusen,thbecker,Actinopterygii,"['Seattle', 'USA', 'Urlaub 2017', 'Lachs']",0,2020-06-16T14:43:12.176Z,2020-06-16T14:43:12.257Z,2017-05-07T09:32:00.000Z,True,"{'login': 'thbecker', 'user_icon_url': 'https://static.inaturalist.org/attachments/users/icons/1008037/thumb.jpg?1590394133'}",Oncorhynchus kisutch,species,48460/1/2/355675/47178/47521/47520/342904/47522,Coho Salmon,85145,Coho Salmon,True,English,50.0,https://inaturalist-open-data.s3.amazonaws.com/photos/79111959/medium.jpeg?1592311082,
16,45241202,2019-11-23,dead,47.71177167,-122.37197167,,,Chum Salmon,2902388,107572,2020-05-08T05:15:35.924Z,2020-05-08T16:11:44.789Z,"Carkeek Park, Seattle, WA, US",False,Sat Nov 23 2019 10:56:35 GMT-0800 (PST),47178,1,0,2019-11-23T10:56:35.000Z,UTC,False,False,165.0,,,,research,,,,,https://www.inaturalist.org/observations/45241202,1,0,Etc/UTC,3.0,0,3,False,107572.0,1,,165.0,True,0,2020-12-28T03:09:37.731Z,,a2be61fb-5969-4691-9022-f3939ac49d50,,dead,anders102,Actinopterygii,[],0,2020-05-08T05:15:35.924Z,2020-05-08T16:11:44.789Z,2019-11-23T10:56:35.000Z,False,"{'login': 'anders102', 'user_icon_url': 'https://static.inaturalist.org/attachments/users/icons/2902388/thumb.jpg?1588564021'}",Oncorhynchus keta,species,48460/1/2/355675/47178/47521/47520/342904/47522,Chum Salmon,247040,Chum Salmon,True,English,50.0,https://static.inaturalist.org/photos/71732585/medium.jpg?1588914939,
17,42783850,2017-11-25,"Chum salmon (and other salmonidae) were spawning in Piper's Creek, Carkeek Park.

Time of day unknown.

Video: https://www.youtube.com/watch?v=aDILP3ugYJM",47.710958,-122.371883,,,Chum Salmon,400025,107572,2020-04-21T20:10:53.035Z,2020-04-21T21:03:42.363Z,"Carkeek Park, Seattle, WA, USA",False,2017/11/25 12:00 -0800,47178,1,0,2017-11-25T20:00:00.000Z,Pacific Time (US & Canada),False,False,150.0,,,,research,,,,CC-BY-NC,https://www.inaturalist.org/observations/42783850,1,0,America/Los_Angeles,,0,2,False,107572.0,1,,150.0,True,0,2020-12-28T03:38:18.517Z,,797c3686-58e3-4b18-ac2d-acadb3081e11,,"Chum salmon (and other salmonidae) were spawning in Piper&#39;s Creek, Carkeek Park.

Time of day unknown.

Video: https://www.youtube.com/watch?v=aDIL...",tuoichen,Actinopterygii,[],0,2020-04-21T20:10:53.035Z,2020-04-21T21:03:42.363Z,2017-11-25T20:00:00.000Z,False,"{'login': 'tuoichen', 'user_icon_url': 'https://static.inaturalist.org/attachments/users/icons/400025/thumb.jpg?1487007174'}",Oncorhynchus keta,species,48460/1/2/355675/47178/47521/47520/342904/47522,Chum Salmon,247040,Chum Salmon,True,English,50.0,https://inaturalist-open-data.s3.amazonaws.com/photos/67942584/medium.jpg?1587499381,
18,40938741,2010-07-02,,47.6647346583,-122.3977753186,,,Sockeye Salmon,777230,69922,2020-03-29T03:14:39.107Z,2020-03-29T15:28:04.315Z,"Seattle, WA, USA",False,2010/07/02 5:04 PM HST,47178,1,0,2010-07-03T03:04:00.000Z,Hawaii,False,False,15.0,,,,research,,,False,CC-BY-NC,https://www.inaturalist.org/observations/40938741,1,0,Pacific/Honolulu,,0,2,False,69922.0,1,,15.0,True,0,2020-12-28T02:01:37.906Z,,d6681afe-26b5-4576-aa4e-55a05cc503dc,open,,ericvandenberghe,Actinopterygii,[],0,2020-03-29T03:14:39.107Z,2020-03-29T15:28:04.315Z,2010-07-03T03:04:00.000Z,True,"{'login': 'ericvandenberghe', 'user_icon_url': 'https://static.inaturalist.org/attachments/users/icons/777230/thumb.jpg?1567696289'}",Oncorhynchus nerka,species,48460/1/2/355675/47178/47521/47520/342904/47522,Sockeye Salmon,223525,Sockeye Salmon,True,English,50.0,https://inaturalist-open-data.s3.amazonaws.com/photos/64898317/medium.jpeg?1585445611,
19,40213744,2020-03-18,,47.6799462326,-122.4062117767,,,Pacific Salmons and Trouts,300689,47522,2020-03-19T01:18:35.305Z,2020-03-22T17:39:47.234Z,"Sunset Hill, Seattle, WA, USA",False,2020/03/18 2:46 AM ,47178,1,0,2020-03-18T09:46:00.000Z,Pacific Time (US & Canada),False,False,4.0,,,,needs_id,,,,CC-BY-NC,https://www.inaturalist.org/observations/40213744,3,1,America/Los_Angeles,,0,4,False,47522.0,1,,4.0,True,0,2020-12-28T15:18:54.733Z,,72889c60-eca4-4932-9d32-32e1ff0b6082,,,ewrunn1ng,Actinopterygii,[],0,2020-03-19T01:18:35.305Z,2020-03-22T17:39:47.234Z,2020-03-18T09:46:00.000Z,False,"{'login': 'ewrunn1ng', 'user_icon_url': 'https://static.inaturalist.org/attachments/users/icons/300689/thumb.jpg?1546202709'}",Oncorhynchus,genus,48460/1/2/355675/47178/47521/47520/342904,Pacific Salmons and Trouts,534702,Pacific Salmons and Trouts,True,English,50.0,https://inaturalist-open-data.s3.amazonaws.com/photos/63878953/medium.jpeg?1584579647,
20,39771834,2004-09-24,,47.6710471638,-122.4474201343,,,Coho Salmon,2613801,53692,2020-03-09T21:48:16.985Z,2020-11-10T06:51:26.337Z,"Seattle, WA, USA",False,2004/09/24 8:21 PM EDT,47178,0,0,2004-09-25T00:21:00.000Z,America/New_York,False,False,488.0,,,,research,,,False,CC-BY-NC,https://www.inaturalist.org/observations/39771834,1,1,,,0,2,False,53692.0,1,,488.0,True,0,2020-12-28T02:40:39.333Z,,00bf9bb1-d044-46cb-994f-56db88fe156b,,,verdoyant,Actinopterygii,[],0,2020-03-09T21:48:16.985Z,2020-11-10T06:51:26.337Z,2004-09-25T00:21:00.000Z,True,"{'login': 'verdoyant', 'user_icon_url': None}",Oncorhynchus kisutch,species,48460/1/2/355675/47178/47521/47520/342904/47522,Coho Salmon,85145,Coho Salmon,True,English,50.0,https://inaturalist-open-data.s3.amazonaws.com/photos/63132648/medium.jpeg?1583790400,
21,36166415,2019-11-28,,47.71093333,-122.37194167,,,,81813,47522,2019-11-28T19:10:06.699Z,2019-11-28T20:07:44.893Z,"Carkeek Park, Seattle, WA, US",False,Thu Nov 28 2019 11:08:35 GMT-0800 (PST),47178,0,0,2019-11-28T19:08:35.000Z,Pacific Time (US & Canada),False,False,45.0,,,,needs_id,,,,CC0,https://www.inaturalist.org/observations/36166415,1,0,America/Los_Angeles,3.0,0,1,False,,1,,45.0,True,0,2020-12-28T17:16:01.591Z,,2fc67bfb-76d5-4942-9b0f-fb249bb7f515,,,jeremy_sea,Actinopterygii,[],0,2019-11-28T19:10:06.699Z,2019-11-28T20:07:44.893Z,2019-11-28T19:08:35.000Z,False,"{'login': 'jeremy_sea', 'user_icon_url': 'https://static.inaturalist.org/attachments/users/icons/81813/thumb.jpg?1506886033'}",Oncorhynchus,genus,48460/1/2/355675/47178/47521/47520/342904,Pacific Salmons and Trouts,534702,Pacific Salmons and Trouts,True,English,50.0,https://inaturalist-open-data.s3.amazonaws.com/photos/57139233/medium.jpg?1574971661,
22,36152892,2019-08-18,,47.6789631433,-122.4193760398,,,Pacific Salmons and Trouts,2177033,47522,2019-11-28T05:35:51.187Z,2020-03-10T15:20:05.194Z,"Salish Sea, Seattle, WA, US",False,Sun Aug 18 2019 00:37:18 GMT-0500 (EST),47178,1,0,2019-08-18T04:37:18.000Z,Eastern Time (US & Canada),False,False,1645.0,,,,needs_id,,,,CC-BY-NC,https://www.inaturalist.org/observations/36152892,1,0,America/New_York,3.0,0,3,False,47520.0,1,,1645.0,True,0,2020-12-28T02:39:26.842Z,,e5e2e7b2-3d1f-47c2-a956-07119a580280,,,gabrielv11619,Actinopterygii,[],0,2019-11-28T05:35:51.187Z,2020-03-10T15:20:05.194Z,2019-08-18T04:37:18.000Z,False,"{'login': 'gabrielv11619', 'user_icon_url': None}",Oncorhynchus,genus,48460/1/2/355675/47178/47521/47520/342904,Pacific Salmons and Trouts,534702,Pacific Salmons and Trouts,True,English,50.0,https://inaturalist-open-data.s3.amazonaws.com/photos/57113501/medium.jpg?1574919379,
23,32295477,2019-09-07,,47.66463342,-122.39757071,,,Coho Salmon,1068198,53692,2019-09-07T20:31:19.224Z,2019-09-13T20:50:53.536Z,"Seattle, WA 98107, USA",False,2019-09-07 1:16:39 PM PDT,47178,2,0,2019-09-07T20:16:39.000Z,Pacific Time (US & Canada),False,False,16.0,,,,research,,,False,CC-BY-NC,https://www.inaturalist.org/observations/32295477,1,1,America/Los_Angeles,2.0,0,5,False,53692.0,1,,16.0,True,0,2020-12-28T01:19:14.463Z,,71773e09-1f4d-4a62-ad83-04b61abb0ba9,,,evanoco,Actinopterygii,[],0,2019-09-07T20:31:19.224Z,2019-09-13T20:50:53.536Z,2019-09-07T20:16:39.000Z,False,"{'login': 'evanoco', 'user_icon_url': 'https://static.inaturalist.org/attachments/users/icons/1068198/thumb.jpeg?1582512807'}",Oncorhynchus kisutch,species,48460/1/2/355675/47178/47521/47520/342904/47522,Coho Salmon,85145,Coho Salmon,True,English,50.0,https://inaturalist-open-data.s3.amazonaws.com/photos/50638455/medium.jpeg?1567888291,
24,30641294,2019-07-26,,47.6647500381,-122.3975892128,,,Pacific Salmons and Trouts,1604342,47522,2019-08-11T21:04:55.720Z,2020-03-09T23:52:34.190Z,"Seattle, WA, USA",False,2019/07/26 2:00 PM UTC,47178,0,0,,UTC,False,False,4.0,,,,needs_id,,,,CC-BY-NC,https://www.inaturalist.org/observations/30641294,2,0,Etc/UTC,,0,2,False,47522.0,1,,4.0,True,0,2020-12-28T01:02:33.238Z,,6eed2ac4-c8e4-4c00-b765-6c865038e227,,,kaf213,Actinopterygii,[],0,2019-08-11T21:04:55.720Z,2020-03-09T23:52:34.190Z,,False,"{'login': 'kaf213', 'user_icon_url': 'https://static.inaturalist.org/attachments/users/icons/1604342/thumb.jpg?1595145355'}",Oncorhynchus,genus,48460/1/2/355675/47178/47521/47520/342904,Pacific Salmons and Trouts,534702,Pacific Salmons and Trouts,True,English,50.0,https://inaturalist-open-data.s3.amazonaws.com/photos/47879758/medium.jpeg?1565556939,
25,28802970,2017-10-24,,47.657725,-122.42575,,,Pacific Salmons and Trouts,1138862,47522,2019-07-14T16:05:42.410Z,2020-03-23T16:53:35.005Z,"Magnolia, Seattle, WA 98199, USA",False,2017/10/24 2:38 PM EDT,47178,1,0,2017-10-24T18:38:00.000Z,Eastern Time (US & Canada),False,False,,,,,needs_id,,,,,https://www.inaturalist.org/observations/28802970,1,0,America/New_York,,0,2,False,47522.0,1,,,True,0,2020-12-28T15:30:43.325Z,,d4fba434-1b37-4cf0-9014-247a2c9cd64e,,,mdunlavey,Actinopterygii,[],0,2019-07-14T16:05:42.410Z,2020-03-23T16:53:35.005Z,2017-10-24T18:38:00.000Z,False,"{'login': 'mdunlavey', 'user_icon_url': 'https://static.inaturalist.org/attachments/users/icons/1138862/thumb.jpg?1561902094'}",Oncorhynchus,genus,48460/1/2/355675/47178/47521/47520/342904,Pacific Salmons and Trouts,534702,Pacific Salmons and Trouts,True,English,50.0,https://static.inaturalist.org/photos/44921859/medium.jpeg?1563119676,
26,28729817,2013-08-26,,47.6616666667,-122.3798333333,,,Coho Salmon,1138862,53692,2019-07-13T14:06:19.240Z,2019-07-13T20:30:16.080Z,"Old Ballard, Seattle, WA, USA",False,2013/08/26 2:22 PM EDT,47178,2,0,2013-08-26T18:22:00.000Z,Eastern Time (US & Canada),False,False,,,,,research,,,False,,https://www.inaturalist.org/observations/28729817,1,0,America/New_York,,0,3,False,53692.0,1,,,True,0,2020-12-28T01:48:14.339Z,,0d46d7b3-104a-4c69-a4a7-88da5ef3bd8c,,,mdunlavey,Actinopterygii,[],0,2019-07-13T14:06:19.240Z,2019-07-13T20:30:16.080Z,2013-08-26T18:22:00.000Z,True,"{'login': 'mdunlavey', 'user_icon_url': 'https://static.inaturalist.org/attachments/users/icons/1138862/thumb.jpg?1561902094'}",Oncorhynchus kisutch,species,48460/1/2/355675/47178/47521/47520/342904/47522,Coho Salmon,85145,Coho Salmon,True,English,50.0,https://static.inaturalist.org/photos/44803476/medium.jpeg?1563026032,
27,26587850,2016-07-23,,47.6302942137,-122.3595345543,,,Sockeye Salmon,1651,69922,2019-06-08T03:12:00.094Z,2019-06-08T03:12:00.157Z,"Lower Queen Anne, Seattle, WA, USA",False,2016/07/23,47178,0,0,,Central Time (US & Canada),False,False,7880.0,,,,casual,,,False,CC-BY,https://www.inaturalist.org/observations/26587850,0,0,America/Chicago,,0,1,False,,1,,7880.0,True,0,2020-12-28T01:41:57.537Z,,a00e73d6-99e6-4826-bdca-db2f61328a5c,open,,airalcorn2,Actinopterygii,[],0,2019-06-08T03:12:00.094Z,2019-06-08T03:12:00.157Z,,False,"{'login': 'airalcorn2', 'user_icon_url': 'https://static.inaturalist.org/attachments/users/icons/1651/thumb.jpg?1557715002'}",Oncorhynchus nerka,species,48460/1/2/355675/47178/47521/47520/342904/47522,Sockeye Salmon,223525,Sockeye Salmon,True,English,50.0,,
28,19828736,2019-01-21,,47.7050590515,-122.2892303467,,,Coastal Cutthroat Trout,1306443,128272,2019-01-23T21:09:55.880Z,2019-02-07T19:22:07.188Z,"3528 NE 105th St, Seattle, WA 98125, USA",False,2019-01-21 3:51:37 PM PST,47178,1,0,2019-01-21T23:51:37.000Z,Pacific Time (US & Canada),False,False,,,,,research,gps,gps,,,https://www.inaturalist.org/observations/19828736,1,0,America/Los_Angeles,2.0,0,3,False,128272.0,1,,,True,0,2020-12-28T01:30:09.485Z,,8c95e19d-5cce-4512-b3d1-5bae406e962e,,,brendanboyd1,Actinopterygii,[],0,2019-01-23T21:09:55.880Z,2019-02-07T19:22:07.188Z,2019-01-21T23:51:37.000Z,False,"{'login': 'brendanboyd1', 'user_icon_url': 'https://static.inaturalist.org/attachments/users/icons/1306443/thumb.jpeg?1540853571'}",Oncorhynchus clarkii clarkii,subspecies,48460/1/2/355675/47178/47521/47520/342904/47522/68075,Coastal Cutthroat Trout,453952,Coastal Cutthroat Trout,True,English,50.0,https://static.inaturalist.org/photos/30565927/medium.jpeg?1548277800,
29,18878364,2006-06-11,Salmon seen migrating through the ladder/passageway to Lake Washington.  Is the adipose fin present?  If it is then it is not cultivated.  ,47.6658190706,-122.3997427436,,,Sockeye Salmon,865831,69922,2018-12-07T15:15:33.027Z,2018-12-12T02:13:31.180Z,"Seattle, WA, USA",False,2006/06/11 8:29 AM EDT,47178,2,0,2006-06-11T12:29:00.000Z,Eastern Time (US & Canada),False,False,1335.0,,,,research,,,False,CC-BY-NC,https://www.inaturalist.org/observations/18878364,1,2,America/New_York,,0,5,False,69922.0,1,,1335.0,True,0,2020-12-28T01:47:01.400Z,,b7507888-6c63-4dbf-a9f9-660851fb9ce3,,Salmon seen migrating through the ladder/passageway to Lake Washington.  Is the adipose fin present?  If it is then it is not cultivated.  ,joekunk,Actinopterygii,[],0,2018-12-07T15:15:33.027Z,2018-12-12T02:13:31.180Z,2006-06-11T12:29:00.000Z,False,"{'login': 'joekunk', 'user_icon_url': 'https://static.inaturalist.org/attachments/users/icons/865831/thumb.jpg?1524343910'}",Oncorhynchus nerka,species,48460/1/2/355675/47178/47521/47520/342904/47522,Sockeye Salmon,223525,Sockeye Salmon,True,English,50.0,https://inaturalist-open-data.s3.amazonaws.com/photos/28926840/medium.jpeg?1544193323,
30,18602490,2018-11-22,,47.7108136425,-122.3716943433,,,,1362924,107572,2018-11-24T19:06:51.347Z,2018-11-25T01:07:08.452Z,"Carkeek Park, Seattle, WA, US",False,Thu Nov 22 2018 09:26:06 GMT-0800 (PST),47178,0,0,2018-11-22T17:26:06.000Z,Pacific Time (US & Canada),False,False,10.0,,,,needs_id,,,,,https://www.inaturalist.org/observations/18602490,1,0,America/Los_Angeles,3.0,0,1,False,,1,,10.0,True,0,2020-12-28T01:22:30.730Z,,67814e00-d6a1-4387-8bb4-636915174bb2,,,npgibson,Actinopterygii,[],0,2018-11-24T19:06:51.347Z,2018-11-25T01:07:08.452Z,2018-11-22T17:26:06.000Z,,"{'login': 'npgibson', 'user_icon_url': None}",Oncorhynchus keta,species,48460/1/2/355675/47178/47521/47520/342904/47522,Chum Salmon,247040,Chum Salmon,True,English,50.0,https://static.inaturalist.org/photos/28469896/medium.jpg?1543086444,
31,18559511,2018-11-22,,47.7108060569,-122.3715515995,,,Chum Salmon,1362924,107572,2018-11-22T17:25:31.362Z,2018-12-11T00:15:24.214Z,"Carkeek Park, Seattle, WA, US",False,Thu Nov 22 2018 09:24:20 GMT-0800 (PST),47178,1,0,2018-11-22T17:24:20.000Z,Pacific Time (US & Canada),False,False,10.0,,,,research,,,,,https://www.inaturalist.org/observations/18559511,3,0,America/Los_Angeles,3.0,0,5,False,107572.0,1,,10.0,True,0,2020-12-28T01:18:01.812Z,,cb514de6-6516-4bf5-abba-fdc2b92b8f9b,,,npgibson,Actinopterygii,[],0,2018-11-22T17:25:31.362Z,2018-12-11T00:15:24.214Z,2018-11-22T17:24:20.000Z,False,"{'login': 'npgibson', 'user_icon_url': None}",Oncorhynchus keta,species,48460/1/2/355675/47178/47521/47520/342904/47522,Chum Salmon,247040,Chum Salmon,True,English,50.0,https://static.inaturalist.org/photos/28395117/medium.jpg?1542907539,
32,17860766,2018-10-26,,47.5945817493,-122.2871369497,,,Coho Salmon,537023,53692,2018-10-26T21:24:55.428Z,2018-10-27T07:52:46.320Z,"3414â€“3598 S Charles St, Seattle, WA, US",False,Fri Oct 26 2018 14:22:50 GMT-0700 (PDT),47178,2,0,2018-10-26T21:22:50.000Z,Pacific Time (US & Canada),False,False,5.0,,,,research,,,False,,https://www.inaturalist.org/observations/17860766,1,0,America/Los_Angeles,3.0,0,4,False,53692.0,1,,5.0,True,0,2020-12-28T01:22:53.634Z,,1e93c0bf-1eed-4b8c-a26a-778ad863d2ac,,,adamarismuniz,Actinopterygii,[],0,2018-10-26T21:24:55.428Z,2018-10-27T07:52:46.320Z,2018-10-26T21:22:50.000Z,False,"{'login': 'adamarismuniz', 'user_icon_url': 'https://static.inaturalist.org/attachments/users/icons/537023/thumb.jpg?1507847816'}",Oncorhynchus kisutch,species,48460/1/2/355675/47178/47521/47520/342904/47522,Coho Salmon,85145,Coho Salmon,True,English,50.0,https://static.inaturalist.org/photos/27266974/medium.jpg?1540589122,
33,17087721,2018-09-30,,47.548538208,-122.2571411133,,,Pacific Salmons and Trouts,300689,47522,2018-10-01T02:34:04.496Z,2018-10-01T02:57:33.281Z,"6006 Lakeshore Dr S, Seattle, WA 98118, USA",False,2018-09-30 4:57:51 PM PDT,47178,0,0,2018-09-30T23:57:51.000Z,Pacific Time (US & Canada),False,False,,,,,needs_id,gps,gps,,CC-BY-NC,https://www.inaturalist.org/observations/17087721,2,0,America/Los_Angeles,2.0,0,2,False,,1,,,True,0,2020-12-28T01:45:44.044Z,,56f0c5f2-0244-4abd-b243-9f857a5b656f,,,ewrunn1ng,Actinopterygii,[],0,2018-10-01T02:34:04.496Z,2018-10-01T02:57:33.281Z,2018-09-30T23:57:51.000Z,False,"{'login': 'ewrunn1ng', 'user_icon_url': 'https://static.inaturalist.org/attachments/users/icons/300689/thumb.jpg?1546202709'}",Oncorhynchus,genus,48460/1/2/355675/47178/47521/47520/342904,Pacific Salmons and Trouts,534702,Pacific Salmons and Trouts,True,English,50.0,https://inaturalist-open-data.s3.amazonaws.com/photos/25867903/medium.jpeg?1538361309,
34,16005888,2018-08-29,,47.6077281041,-122.3434436487,,,,1164052,47516,2018-08-29T17:48:19.327Z,2018-08-29T18:03:20.183Z,"Seattle Aquarium, Seattle, WA, US",False,Wed Aug 29 2018 10:48:01 GMT-0700 (PDT),47178,0,0,2018-08-29T17:48:01.000Z,Pacific Time (US & Canada),False,False,65.0,,,,casual,,,False,,https://www.inaturalist.org/observations/16005888,1,0,America/Los_Angeles,3.0,0,1,True,,1,,65.0,True,0,2020-12-28T01:38:51.648Z,,edf2349d-011f-4486-afa6-f0e22d7b89fd,,,liberdade24,Actinopterygii,[],0,2018-08-29T17:48:19.327Z,2018-08-29T18:03:20.183Z,2018-08-29T17:48:01.000Z,False,"{'login': 'liberdade24', 'user_icon_url': 'https://static.inaturalist.org/attachments/users/icons/1164052/thumb.jpg?1535316265'}",Oncorhynchus mykiss,species,48460/1/2/355675/47178/47521/47520/342904/47522,Rainbow Trout,534703,Rainbow Trout,True,English,50.0,https://static.inaturalist.org/photos/23970017/medium.jpg?1535564912,
35,14293392,2018-07-12,,47.6676177979,-122.3959350586,,,Pacific Salmons and Trouts,153422,47522,2018-07-12T18:10:49.730Z,2018-10-07T02:36:13.767Z,"3100 NW 54th St, Seattle, WA 98107, USA",False,2018-07-12 11:09:33 AM PDT,47178,1,0,2018-07-12T18:09:33.000Z,Pacific Time (US & Canada),False,False,4638.0,,,,needs_id,,,,,https://www.inaturalist.org/observations/14293392,2,0,America/Los_Angeles,2.0,0,3,False,47522.0,1,,4638.0,True,0,2020-12-28T01:18:55.490Z,,c754c464-3e49-4505-8914-6e1136a00e53,,,busgypsy,Actinopterygii,[],0,2018-07-12T18:10:49.730Z,2018-10-07T02:36:13.767Z,2018-07-12T18:09:33.000Z,False,"{'login': 'busgypsy', 'user_icon_url': 'https://static.inaturalist.org/attachments/users/icons/153422/thumb.jpeg?1593377051'}",Oncorhynchus,genus,48460/1/2/355675/47178/47521/47520/342904,Pacific Salmons and Trouts,534702,Pacific Salmons and Trouts,True,English,50.0,https://static.inaturalist.org/photos/21225959/medium.jpeg?1531419063,
36,13836078,2018-06-17,,47.6068846476,-122.3417787815,,,Coho Salmon,220795,53692,2018-06-27T18:23:15.353Z,2020-03-17T21:12:02.268Z,"Seattle, WA, USA",False,2018/06/17 8:06 AM PDT,47178,0,0,2018-06-17T15:06:00.000Z,Pacific Time (US & Canada),False,False,77.0,,,,needs_id,,,False,CC-BY-NC,https://www.inaturalist.org/observations/13836078,6,2,America/Los_Angeles,,0,6,False,47522.0,1,,77.0,True,0,2020-12-28T02:54:18.362Z,,5d0b0776-e943-4ee2-bee2-0e7fafb537fc,,,neontetraploid,Actinopterygii,[],0,2018-06-27T18:23:15.353Z,2020-03-17T21:12:02.268Z,2018-06-17T15:06:00.000Z,False,"{'login': 'neontetraploid', 'user_icon_url': 'https://static.inaturalist.org/attachments/users/icons/220795/thumb.jpg?1571195220'}",Oncorhynchus kisutch,species,48460/1/2/355675/47178/47521/47520/342904/47522,Coho Salmon,85145,Coho Salmon,True,English,50.0,https://inaturalist-open-data.s3.amazonaws.com/photos/20417811/medium.jpeg?1530123409,
37,12989265,2016-05-14,,47.6823666667,-122.3387216667,,,Rainbow Trout,998190,47516,2018-05-31T19:22:17.138Z,2018-06-05T22:32:41.807Z,"Green Lake Park, Seattle, WA, US",False,Sat May 14 2016 17:46:08 GMT-0600 (MDT),47178,2,0,2016-05-14T23:46:08.000Z,Mountain Time (US & Canada),False,False,5.0,,,,research,,,False,,https://www.inaturalist.org/observations/12989265,1,0,America/Denver,3.0,0,3,False,47516.0,1,,5.0,True,0,2020-12-28T01:46:55.895Z,,ff8fc29f-616f-4ef6-ae65-09a53c3e2b43,,,yungbo,Actinopterygii,[],0,2018-05-31T19:22:17.138Z,2018-06-05T22:32:41.807Z,2016-05-14T23:46:08.000Z,True,"{'login': 'yungbo', 'user_icon_url': None}",Oncorhynchus mykiss,species,48460/1/2/355675/47178/47521/47520/342904/47522,Rainbow Trout,534703,Rainbow Trout,True,English,50.0,https://static.inaturalist.org/photos/18891307/medium.jpg?1527794541,
38,12805515,2016-05-14,,47.6823666667,-122.3387222222,,,Rainbow Trout,978640,47516,2018-05-25T18:53:46.185Z,2018-05-27T01:03:29.743Z,"Northwest Seattle, Seattle, WA, USA",False,2016/05/14 4:46 PM MDT,47178,1,0,2016-05-14T22:46:00.000Z,Mountain Time (US & Canada),False,False,10.0,,,,research,,,False,CC-BY-NC,https://www.inaturalist.org/observations/12805515,1,0,America/Denver,,0,2,False,47516.0,1,,10.0,True,0,2020-12-28T01:49:15.302Z,,6bd02a37-d7a4-44b8-9e5a-cf77e5bc6911,,,bowikan,Actinopterygii,[],0,2018-05-25T18:53:46.185Z,2018-05-27T01:03:29.743Z,2016-05-14T22:46:00.000Z,True,"{'login': 'bowikan', 'user_icon_url': None}",Oncorhynchus mykiss,species,48460/1/2/355675/47178/47521/47520/342904/47522,Rainbow Trout,534703,Rainbow Trout,True,English,50.0,https://inaturalist-open-data.s3.amazonaws.com/photos/18568872/medium.jpeg?1527274415,
39,9911088,2013-06-24,From a trip to the Northwest in 2013.,47.6062095,-122.3320708,,,Chum Salmon,13118,107572,2018-02-18T21:46:40.975Z,2018-02-19T05:17:33.412Z,"Seattle, WA, USA",False,2013/06/24 2:16 PM CDT,47178,1,0,2013-06-24T19:16:00.000Z,Central Time (US & Canada),False,False,19030.0,,,,research,,,False,CC-BY-NC,https://www.inaturalist.org/observations/9911088,2,0,America/Chicago,,0,3,False,107572.0,1,,19030.0,True,0,2020-12-28T01:46:44.492Z,,f9dad949-f6a2-4654-84f6-9393b1b8165e,,From a trip to the Northwest in 2013.,tadamcochran,Actinopterygii,[],0,2018-02-18T21:46:40.975Z,2018-02-19T05:17:33.412Z,2013-06-24T19:16:00.000Z,False,"{'login': 'tadamcochran', 'user_icon_url': 'https://static.inaturalist.org/attachments/users/icons/13118/thumb.jpg?1611167401'}",Oncorhynchus keta,species,48460/1/2/355675/47178/47521/47520/342904/47522,Chum Salmon,247040,Chum Salmon,True,English,50.0,https://static.inaturalist.org/photos/13593882/medium.jpg?1518990070,
40,9279909,2017-12-27,"looks like a pair to me.
giving back to the earth. such a sacred journey. ",47.71143,-122.375795,,,Chum Salmon,183139,107572,2017-12-28T04:27:13.972Z,2020-12-01T02:58:49.938Z,"Carkeek Park, Seattle, WA, US",False,Wed Dec 27 2017 14:59:01 GMT-0800 (PST),47178,3,0,2017-12-27T22:59:01.000Z,Pacific Time (US & Canada),False,False,10.0,,,,research,,,False,,https://www.inaturalist.org/observations/9279909,2,0,America/Los_Angeles,3.0,0,4,False,107572.0,1,,10.0,True,2,2020-12-28T14:03:31.717Z,,7034a115-e149-4a86-8a2b-752cb7b44a6e,,"looks like a pair to me.
giving back to the earth. such a sacred journey. ",trinanessa,Actinopterygii,[],2,2017-12-28T04:27:13.972Z,2020-12-01T02:58:49.938Z,2017-12-27T22:59:01.000Z,True,"{'login': 'trinanessa', 'user_icon_url': 'https://static.inaturalist.org/attachments/users/icons/183139/thumb.jpg?1582007282'}",Oncorhynchus keta,species,48460/1/2/355675/47178/47521/47520/342904/47522,Chum Salmon,247040,Chum Salmon,True,English,50.0,https://static.inaturalist.org/photos/12576318/medium.jpg?1514435234,
41,9148633,2007-07-13,,47.66463138,-122.3974968499,,,Sockeye Salmon,19215,69922,2017-12-13T23:46:07.754Z,2017-12-14T04:21:06.358Z,"Seattle, WA, USA",False,2007/07/13 3:25 PM MST,47178,1,0,2007-07-13T21:25:00.000Z,Mountain Time (US & Canada),False,False,,,,,research,,,False,CC-BY-NC-ND,https://www.inaturalist.org/observations/9148633,1,0,America/Denver,,0,2,False,69922.0,1,,,True,0,2020-12-28T01:47:59.073Z,,eafbf5a6-5cb8-436f-8b8e-de7822ad1516,,,tsirtalis,Actinopterygii,[],0,2017-12-13T23:46:07.754Z,2017-12-14T04:21:06.358Z,2007-07-13T21:25:00.000Z,False,"{'login': 'tsirtalis', 'user_icon_url': 'https://static.inaturalist.org/attachments/users/icons/19215/thumb.jpg?1506180846'}",Oncorhynchus nerka,species,48460/1/2/355675/47178/47521/47520/342904/47522,Sockeye Salmon,223525,Sockeye Salmon,True,English,50.0,https://static.inaturalist.org/photos/12368808/medium.jpeg?1513208363,
42,8978737,2017-11-18,Two Chum from the fall run up Venema Creek in Seattle's Carkeek Park.,47.7113894669,-122.3710387945,,,Chum Salmon,300689,107572,2017-11-29T17:22:51.117Z,2018-05-31T15:43:51.344Z,"Northwest Seattle, Seattle, WA, USA",False,2017/11/18 10:29 AM PST,47178,3,0,2017-11-18T18:29:00.000Z,Pacific Time (US & Canada),False,False,8.0,,,,research,,,False,CC-BY-NC,https://www.inaturalist.org/observations/8978737,1,0,America/Los_Angeles,,0,4,False,107572.0,1,,8.0,True,1,2020-12-28T01:21:49.880Z,,173765ae-be96-4384-8b83-78d4c65ffe35,,Two Chum from the fall run up Venema Creek in Seattle's Carkeek Park.,ewrunn1ng,Actinopterygii,[],1,2017-11-29T17:22:51.117Z,2018-05-31T15:43:51.344Z,2017-11-18T18:29:00.000Z,False,"{'login': 'ewrunn1ng', 'user_icon_url': 'https://static.inaturalist.org/attachments/users/icons/300689/thumb.jpg?1546202709'}",Oncorhynchus keta,species,48460/1/2/355675/47178/47521/47520/342904/47522,Chum Salmon,247040,Chum Salmon,True,English,50.0,https://inaturalist-open-data.s3.amazonaws.com/photos/12109846/medium.jpeg?1511975909,
43,8858434,2017-11-18,,47.7116883333,-122.3775866667,,,"Salmons, Trouts, and Whitefishes",238288,107572,2017-11-19T06:02:05.780Z,2018-11-10T23:38:18.845Z,"Carkeek Park, Seattle, WA, US",False,Sat Nov 18 2017 14:21:31 GMT-0800 (PST),47178,0,0,2017-11-18T22:21:31.000Z,Pacific Time (US & Canada),False,False,10.0,,,,needs_id,,,,CC0,https://www.inaturalist.org/observations/8858434,1,0,America/Los_Angeles,3.0,0,4,False,47522.0,1,,10.0,True,0,2020-12-28T01:19:42.949Z,,1db0b427-974b-4ca2-88a3-d5fcff14afa8,,,sderht,Actinopterygii,[],0,2017-11-19T06:02:05.780Z,2018-11-10T23:38:18.845Z,2017-11-18T22:21:31.000Z,False,"{'login': 'sderht', 'user_icon_url': 'https://static.inaturalist.org/attachments/users/icons/238288/thumb.jpg?1475544921'}",Oncorhynchus keta,species,48460/1/2/355675/47178/47521/47520/342904/47522,Chum Salmon,247040,Chum Salmon,True,English,50.0,https://inaturalist-open-data.s3.amazonaws.com/photos/11907495/medium.jpg?1511071328,
44,8858431,2017-11-18,,47.7118533333,-122.3798666667,,,Chum Salmon,238288,107572,2017-11-19T06:00:46.765Z,2017-11-19T20:58:02.459Z,"Seattle, WA  98177, Seattle, WA, US",False,Sat Nov 18 2017 15:05:16 GMT-0800 (PST),47178,2,0,2017-11-18T23:05:16.000Z,Pacific Time (US & Canada),False,False,5.0,,,,research,,,False,CC0,https://www.inaturalist.org/observations/8858431,1,0,America/Los_Angeles,3.0,0,3,False,107572.0,1,,5.0,True,0,2020-12-28T02:38:44.963Z,,c0652205-9696-4e15-ae15-8a506a9859cb,,,sderht,Actinopterygii,[],0,2017-11-19T06:00:46.765Z,2017-11-19T20:58:02.459Z,2017-11-18T23:05:16.000Z,True,"{'login': 'sderht', 'user_icon_url': 'https://static.inaturalist.org/attachments/users/icons/238288/thumb.jpg?1475544921'}",Oncorhynchus keta,species,48460/1/2/355675/47178/47521/47520/342904/47522,Chum Salmon,247040,Chum Salmon,True,English,50.0,https://inaturalist-open-data.s3.amazonaws.com/photos/11907489/medium.jpg?1511071254,
45,8834379,2017-11-15,,47.6696068389,-122.4199676514,,,Chum Salmon,300278,107572,2017-11-17T03:16:09.748Z,2017-11-17T08:31:38.268Z,"Seattle, WA, USA",False,2017/11/15 10:59 AM PST,47178,1,0,2017-11-15T18:59:00.000Z,Pacific Time (US & Canada),False,False,122.0,,,,research,,,False,CC-BY-NC,https://www.inaturalist.org/observations/8834379,2,0,America/Los_Angeles,,0,3,False,107572.0,1,,122.0,True,0,2020-12-28T01:49:13.974Z,,08ebdc09-a4dd-48b6-8224-570a66933970,,,kathawk,Actinopterygii,[],0,2017-11-17T03:16:09.748Z,2017-11-17T08:31:38.268Z,2017-11-15T18:59:00.000Z,False,"{'login': 'kathawk', 'user_icon_url': 'https://static.inaturalist.org/attachments/users/icons/300278/thumb.jpg?1475527763'}",Oncorhynchus keta,species,48460/1/2/355675/47178/47521/47520/342904/47522,Chum Salmon,247040,Chum Salmon,True,English,50.0,https://inaturalist-open-data.s3.amazonaws.com/photos/11868453/medium.jpeg?1510888518,
46,8787016,2017-11-12,,47.7111007035,-122.373152375,,,Chum Salmon,300689,107572,2017-11-13T00:02:46.087Z,2018-05-31T15:46:55.245Z,"Northwest Seattle, Seattle, WA, USA",False,2017/11/12 3:22 PM PST,47178,1,0,2017-11-12T23:22:00.000Z,Pacific Time (US & Canada),False,False,8.0,,,,research,,,False,CC-BY-NC,https://www.inaturalist.org/observations/8787016,1,0,America/Los_Angeles,,0,2,False,107572.0,1,,8.0,True,0,2020-12-28T01:24:26.729Z,,94ef9257-7d9b-4d84-853c-9c828c28c073,,,ewrunn1ng,Actinopterygii,[],0,2017-11-13T00:02:46.087Z,2018-05-31T15:46:55.245Z,2017-11-12T23:22:00.000Z,False,"{'login': 'ewrunn1ng', 'user_icon_url': 'https://static.inaturalist.org/attachments/users/icons/300689/thumb.jpg?1546202709'}",Oncorhynchus keta,species,48460/1/2/355675/47178/47521/47520/342904/47522,Chum Salmon,247040,Chum Salmon,True,English,50.0,https://inaturalist-open-data.s3.amazonaws.com/photos/11793999/medium.jpeg?1510531255,
47,8742174,2017-11-09,Fall Chum run in Piper's Creek is under way. ,47.7111816406,-122.3720932007,,,Chum Salmon,300689,107572,2017-11-09T19:18:52.998Z,2019-06-15T04:37:00.896Z,"950 NW Carkeek Park Rd, Seattle, WA 98177, USA",False,2017-11-09 9:51:39 AM PST,47178,1,0,2017-11-09T17:51:39.000Z,Pacific Time (US & Canada),False,False,,,,,research,gps,gps,False,CC-BY-NC,https://www.inaturalist.org/observations/8742174,1,0,America/Los_Angeles,2.0,0,2,False,107572.0,1,,,True,0,2020-12-28T01:23:33.679Z,,e635f679-1a83-4cc4-b5a5-ceb474333c1c,,Fall Chum run in Piper's Creek is under way. ,ewrunn1ng,Actinopterygii,[],0,2017-11-09T19:18:52.998Z,2019-06-15T04:37:00.896Z,2017-11-09T17:51:39.000Z,False,"{'login': 'ewrunn1ng', 'user_icon_url': 'https://static.inaturalist.org/attachments/users/icons/300689/thumb.jpg?1546202709'}",Oncorhynchus keta,species,48460/1/2/355675/47178/47521/47520/342904/47522,Chum Salmon,247040,Chum Salmon,True,English,50.0,https://inaturalist-open-data.s3.amazonaws.com/photos/11734118/medium.jpeg?1510255162,
48,8410084,2017-10-13,,47.5497450755,-122.2502803802,,,Sockeye Salmon,35478,69922,2017-10-15T06:23:11.666Z,2019-01-22T06:17:45.309Z,"Rainier Valley, Seattle, WA, USA",False,2017/10/13 5:02 PM PDT,47178,3,0,2017-10-14T00:02:00.000Z,Pacific Time (US & Canada),False,False,122.0,,,,research,,,False,CC-BY-NC,https://www.inaturalist.org/observations/8410084,1,1,America/Los_Angeles,,0,4,False,69922.0,1,,122.0,True,1,2020-12-28T01:44:36.577Z,,d4b9d41c-368d-4224-a4fe-b5c3befb8dd3,,,mrfish33,Actinopterygii,[],1,2017-10-15T06:23:11.666Z,2019-01-22T06:17:45.309Z,2017-10-14T00:02:00.000Z,False,"{'login': 'mrfish33', 'user_icon_url': 'https://static.inaturalist.org/attachments/users/icons/35478/thumb.png?1475546347'}",Oncorhynchus nerka,species,48460/1/2/355675/47178/47521/47520/342904/47522,Sockeye Salmon,223525,Sockeye Salmon,True,English,50.0,https://inaturalist-open-data.s3.amazonaws.com/photos/11192535/medium.jpeg?1508048023,
49,8410083,2017-10-13,,47.5497450755,-122.2502803802,,,Sockeye Salmon,35478,69922,2017-10-15T06:23:11.539Z,2019-01-02T01:26:28.007Z,"Rainier Valley, Seattle, WA, USA",False,2017/10/13 5:01 PM PDT,47178,1,0,2017-10-14T00:01:00.000Z,Pacific Time (US & Canada),False,False,122.0,,,,research,,,False,CC-BY-NC,https://www.inaturalist.org/observations/8410083,1,0,America/Los_Angeles,,0,2,False,69922.0,1,,122.0,True,1,2020-12-28T01:46:16.986Z,,2aa37a22-0f1a-4376-bba8-192488e08818,,,mrfish33,Actinopterygii,[],1,2017-10-15T06:23:11.539Z,2019-01-02T01:26:28.007Z,2017-10-14T00:01:00.000Z,False,"{'login': 'mrfish33', 'user_icon_url': 'https://static.inaturalist.org/attachments/users/icons/35478/thumb.png?1475546347'}",Oncorhynchus nerka,species,48460/1/2/355675/47178/47521/47520/342904/47522,Sockeye Salmon,223525,Sockeye Salmon,True,English,50.0,https://inaturalist-open-data.s3.amazonaws.com/photos/11192531/medium.jpeg?1508048003,
50,8410082,2017-10-13,,47.5497450755,-122.2502803802,,,Sockeye Salmon,35478,69922,2017-10-15T06:23:11.323Z,2019-01-02T01:26:52.634Z,"Rainier Valley, Seattle, WA, USA",False,2017/10/13 5:00 PM PDT,47178,1,0,2017-10-14T00:00:00.000Z,Pacific Time (US & Canada),False,False,122.0,,,,research,,,False,CC-BY-NC,https://www.inaturalist.org/observations/8410082,1,0,America/Los_Angeles,,0,2,False,69922.0,1,,122.0,True,0,2020-12-28T01:44:47.425Z,,3ada7973-f99b-47f0-86aa-898d7a568195,,,mrfish33,Actinopterygii,[],0,2017-10-15T06:23:11.323Z,2019-01-02T01:26:52.634Z,2017-10-14T00:00:00.000Z,False,"{'login': 'mrfish33', 'user_icon_url': 'https://static.inaturalist.org/attachments/users/icons/35478/thumb.png?1475546347'}",Oncorhynchus nerka,species,48460/1/2/355675/47178/47521/47520/342904/47522,Sockeye Salmon,223525,Sockeye Salmon,True,English,50.0,https://inaturalist-open-data.s3.amazonaws.com/photos/11192524/medium.jpeg?1508047986,
51,8337754,2017-10-09,,47.6802551803,-122.2469758987,,,Sockeye Salmon,300278,69922,2017-10-10T06:52:20.271Z,2020-10-15T16:35:15.420Z,"Northeast Seattle, Seattle, WA, USA",False,2017/10/09 1:55 PM PDT,47178,2,0,2017-10-09T20:55:00.000Z,Pacific Time (US & Canada),False,False,31.0,,,,research,,,False,CC-BY-NC,https://www.inaturalist.org/observations/8337754,3,0,America/Los_Angeles,,0,4,False,69922.0,1,,31.0,True,0,2020-12-28T13:04:22.100Z,,a768174d-53f5-4de6-bc78-e067722c9751,open,,kathawk,Actinopterygii,[],0,2017-10-10T06:52:20.271Z,2020-10-15T16:35:15.420Z,2017-10-09T20:55:00.000Z,False,"{'login': 'kathawk', 'user_icon_url': 'https://static.inaturalist.org/attachments/users/icons/300278/thumb.jpg?1475527763'}",Oncorhynchus nerka,species,48460/1/2/355675/47178/47521/47520/342904/47522,Sockeye Salmon,223525,Sockeye Salmon,True,English,50.0,https://inaturalist-open-data.s3.amazonaws.com/photos/11079958/medium.jpeg?1507618300,
52,8043151,2017-09-22,,47.664100647,-122.3980865479,,,Coho Salmon,300689,53692,2017-09-22T20:10:41.338Z,2018-01-02T03:37:49.832Z,"3119 W Commodore Way, Seattle, WA 98199, USA",False,2017-09-22 10:59:57 AM PDT,47178,1,0,2017-09-22T17:59:57.000Z,Pacific Time (US & Canada),False,False,,,,,research,gps,gps,False,CC-BY-NC,https://www.inaturalist.org/observations/8043151,1,0,America/Los_Angeles,2.0,0,2,False,53692.0,1,,,True,0,2020-12-28T01:40:34.380Z,,02b8f5c5-3877-48a2-afe0-8e1fcf001a99,,,ewrunn1ng,Actinopterygii,[],0,2017-09-22T20:10:41.338Z,2018-01-02T03:37:49.832Z,2017-09-22T17:59:57.000Z,False,"{'login': 'ewrunn1ng', 'user_icon_url': 'https://static.inaturalist.org/attachments/users/icons/300689/thumb.jpg?1546202709'}",Oncorhynchus kisutch,species,48460/1/2/355675/47178/47521/47520/342904/47522,Coho Salmon,85145,Coho Salmon,True,English,50.0,https://inaturalist-open-data.s3.amazonaws.com/photos/10652612/medium.jpeg?1506111078,
53,8042992,2017-09-22,,47.6653440037,-122.397480011,,,Coho Salmon,300689,53692,2017-09-22T20:05:08.754Z,2018-01-02T03:38:22.455Z,"Seattle, WA, USA",False,2017/09/22 11:02 AM PDT,47178,0,0,2017-09-22T18:02:00.000Z,Pacific Time (US & Canada),False,False,31.0,,,,needs_id,,,False,CC-BY-NC,https://www.inaturalist.org/observations/8042992,2,0,America/Los_Angeles,,0,1,False,,1,,31.0,True,0,2020-12-28T01:46:57.260Z,,4238eb07-b939-4823-8a5b-706a05dd06a0,,,ewrunn1ng,Actinopterygii,[],0,2017-09-22T20:05:08.754Z,2018-01-02T03:38:22.455Z,2017-09-22T18:02:00.000Z,False,"{'login': 'ewrunn1ng', 'user_icon_url': 'https://static.inaturalist.org/attachments/users/icons/300689/thumb.jpg?1546202709'}",Oncorhynchus kisutch,species,48460/1/2/355675/47178/47521/47520/342904/47522,Coho Salmon,85145,Coho Salmon,True,English,50.0,https://inaturalist-open-data.s3.amazonaws.com/photos/10652396/medium.jpeg?1506110429,
54,7689754,2017-08-26,,47.671905,-122.3789666667,,,Coastal Rainbow Trout,350245,143607,2017-08-28T17:30:25.877Z,2018-09-30T23:52:21.718Z,"5907 17th Ave NW, Seattle, WA, US",False,Sat Aug 26 2017 12:28:48 GMT-0700 (PDT),47178,1,0,2017-08-26T19:28:48.000Z,Pacific Time (US & Canada),False,False,,,,,research,,,,CC-BY-NC,https://www.inaturalist.org/observations/7689754,2,0,America/Los_Angeles,3.0,0,2,False,143607.0,1,,,True,0,2020-12-28T01:46:32.049Z,,e03d957f-8fd8-48f0-b625-f37a57536fea,,,markrobinson,Actinopterygii,[],0,2017-08-28T17:30:25.877Z,2018-09-30T23:52:21.718Z,2017-08-26T19:28:48.000Z,False,"{'login': 'markrobinson', 'user_icon_url': 'https://static.inaturalist.org/attachments/users/icons/350245/thumb.jpg?1497126737'}",Oncorhynchus mykiss irideus,subspecies,48460/1/2/355675/47178/47521/47520/342904/47522/47516,Coastal Rainbow Trout,324862,Coastal Rainbow Trout,True,English,50.0,https://inaturalist-open-data.s3.amazonaws.com/photos/10076202/medium.jpg?1503941428,
55,7384052,2017-08-06,Leaping in front during Sound swim ,47.6747747062,-122.4082566612,,,,566416,69922,2017-08-06T23:20:05.978Z,2017-08-06T23:21:48.908Z,"6321 Seaview Ave NW, Seattle, WA, US",False,Sun Aug 06 2017 16:18:37 GMT-0700 (PDT),47178,0,0,2017-08-06T23:18:37.000Z,Pacific Time (US & Canada),False,False,22.0,,,,casual,,,False,CC-BY,https://www.inaturalist.org/observations/7384052,1,0,America/Los_Angeles,3.0,0,1,False,,1,,22.0,False,0,2020-12-28T01:47:48.996Z,,e8413663-55b6-4488-8112-99dd6e16deef,,Leaping in front during Sound swim ,jss,Actinopterygii,[],0,2017-08-06T23:20:05.978Z,2017-08-06T23:21:48.908Z,2017-08-06T23:18:37.000Z,False,"{'login': 'jss', 'user_icon_url': 'https://static.inaturalist.org/attachments/users/icons/566416/thumb.jpg?1502053326'}",Oncorhynchus nerka,species,48460/1/2/355675/47178/47521/47520/342904/47522,Sockeye Salmon,223525,Sockeye Salmon,True,English,50.0,https://inaturalist-open-data.s3.amazonaws.com/photos/9582332/medium.jpg?1502061607,
56,6694500,2017-06-17,Smolt.,47.6644897461,-122.3975601196,,,Coho Salmon,300689,53692,2017-06-17T20:15:30.732Z,2018-01-02T03:30:45.707Z,"2930 West Commodore Way Seattle, WA 98199",False,2017-06-17 9:45:22 AM PDT,47178,0,0,2017-06-17T16:45:22.000Z,Pacific Time (US & Canada),False,False,,,,,needs_id,gps,gps,False,CC-BY-NC,https://www.inaturalist.org/observations/6694500,2,0,America/Los_Angeles,2.0,0,2,False,,1,,,True,0,2020-12-28T01:47:32.680Z,,cc309eca-6ebd-43f9-a839-5163373a5d99,,Smolt.,ewrunn1ng,Actinopterygii,[],0,2017-06-17T20:15:30.732Z,2018-01-02T03:30:45.707Z,2017-06-17T16:45:22.000Z,False,"{'login': 'ewrunn1ng', 'user_icon_url': 'https://static.inaturalist.org/attachments/users/icons/300689/thumb.jpg?1546202709'}",Oncorhynchus kisutch,species,48460/1/2/355675/47178/47521/47520/342904/47522,Coho Salmon,85145,Coho Salmon,True,English,50.0,https://inaturalist-open-data.s3.amazonaws.com/photos/8489662/medium.jpeg?1497730562,
57,6694440,2017-06-17,,47.6642456055,-122.3973464966,,,Sockeye Salmon,300689,69922,2017-06-17T20:09:31.290Z,2018-01-02T03:30:06.412Z,"3100 West Commodore Way Seattle, WA 98199",False,2017-06-17 10:36:33 AM PDT,47178,0,0,2017-06-17T17:36:33.000Z,Pacific Time (US & Canada),False,False,,,,,needs_id,gps,gps,False,CC-BY-NC,https://www.inaturalist.org/observations/6694440,2,0,America/Los_Angeles,2.0,0,1,False,,1,,,True,0,2020-12-28T01:41:31.130Z,,d0ea6e1f-786b-44cc-9a1e-ab98ef0c9325,,,ewrunn1ng,Actinopterygii,[],0,2017-06-17T20:09:31.290Z,2018-01-02T03:30:06.412Z,2017-06-17T17:36:33.000Z,False,"{'login': 'ewrunn1ng', 'user_icon_url': 'https://static.inaturalist.org/attachments/users/icons/300689/thumb.jpg?1546202709'}",Oncorhynchus nerka,species,48460/1/2/355675/47178/47521/47520/342904/47522,Sockeye Salmon,223525,Sockeye Salmon,True,English,50.0,https://inaturalist-open-data.s3.amazonaws.com/photos/8489544/medium.jpeg?1497730210,
58,4685750,2016-12-03,,47.7112541111,-122.3762817222,,,Chum Salmon,300689,107572,2016-12-03T21:20:15.130Z,2020-12-30T21:54:13.389Z,"Northwest Seattle, Seattle, WA, USA",False,2016/12/03 10:30 AM PST,47178,1,0,2016-12-03T18:30:00.000Z,Pacific Time (US & Canada),False,False,,,,,research,,,False,CC-BY-NC,http://www.inaturalist.org/observations/4685750,1,0,America/Los_Angeles,,0,2,False,107572.0,1,,,True,0,2020-12-30T21:54:14.292Z,,4f6384d7-a335-4fd0-b506-78cb1c75d434,,,ewrunn1ng,Actinopterygii,[],0,2016-12-03T21:20:15.130Z,2020-12-30T21:54:13.389Z,2016-12-03T18:30:00.000Z,False,"{'login': 'ewrunn1ng', 'user_icon_url': 'https://static.inaturalist.org/attachments/users/icons/300689/thumb.jpg?1546202709'}",Oncorhynchus keta,species,48460/1/2/355675/47178/47521/47520/342904/47522,Chum Salmon,247040,Chum Salmon,True,English,50.0,https://inaturalist-open-data.s3.amazonaws.com/photos/5689127/medium.jpg?1480800015,
59,4550382,2016-11-10,,47.7115997217,-122.3776960373,,,Chum Salmon,300689,107572,2016-11-13T02:37:02.162Z,2020-12-30T21:54:44.331Z,"Northwest Seattle, Seattle, WA, USA",False,2016/11/10 4:14 PM PST,47178,1,0,2016-11-11T00:14:00.000Z,Pacific Time (US & Canada),False,False,1.0,,,,research,,,False,CC-BY-NC,http://www.inaturalist.org/observations/4550382,1,0,America/Los_Angeles,,0,2,False,107572.0,1,,1.0,True,0,2020-12-30T21:54:45.119Z,,605d03ab-7a3f-4875-a666-5fd74c9e6d4f,,,ewrunn1ng,Actinopterygii,[],0,2016-11-13T02:37:02.162Z,2020-12-30T21:54:44.331Z,2016-11-11T00:14:00.000Z,False,"{'login': 'ewrunn1ng', 'user_icon_url': 'https://static.inaturalist.org/attachments/users/icons/300689/thumb.jpg?1546202709'}",Oncorhynchus keta,species,48460/1/2/355675/47178/47521/47520/342904/47522,Chum Salmon,247040,Chum Salmon,True,English,50.0,https://inaturalist-open-data.s3.amazonaws.com/photos/5504165/medium.jpeg?1479004509,
60,4528815,2016-11-10,A chum salmon returning to spawn in Piper's Creek.,47.7107124329,-122.3722000122,,,Chum Salmon,300689,107572,2016-11-10T23:57:40.300Z,2020-12-30T21:55:05.355Z,"Pipers Creek Trail Seattle, WA 98177",False,2016-11-10 3:26:51 PM PST,47178,1,0,2016-11-10T23:26:51.000Z,Pacific Time (US & Canada),False,False,,,,,research,gps,gps,False,CC-BY-NC,http://www.inaturalist.org/observations/4528815,1,0,America/Los_Angeles,2.0,0,2,False,107572.0,1,,,True,0,2020-12-30T21:55:09.977Z,,154dbc39-7c2e-4d7c-b61e-4b629465b766,,A chum salmon returning to spawn in Piper's Creek.,ewrunn1ng,Actinopterygii,[],0,2016-11-10T23:57:40.300Z,2020-12-30T21:55:05.355Z,2016-11-10T23:26:51.000Z,False,"{'login': 'ewrunn1ng', 'user_icon_url': 'https://static.inaturalist.org/attachments/users/icons/300689/thumb.jpg?1546202709'}",Oncorhynchus keta,species,48460/1/2/355675/47178/47521/47520/342904/47522,Chum Salmon,247040,Chum Salmon,True,English,50.0,https://inaturalist-open-data.s3.amazonaws.com/photos/5485430/medium.jpeg?1478822268,
61,4069317,2015-07-10,A dead Chinook salmon that seemed to have jumped out of the fish ladder and onto a nearby maintenance platform,47.6657525,-122.3965247,,,Pacific Salmons and Trouts,220795,47522,2016-09-09T03:40:58.252Z,2020-03-14T17:08:35.833Z,"Hiram M Chittenden Locks, Seattle, WA, United States",False,2015/07/10 1:45 AM PDT,47178,1,0,2015-07-10T08:45:00.000Z,Pacific Time (US & Canada),False,False,,,,,needs_id,,,,CC-BY-NC,http://www.inaturalist.org/observations/4069317,3,0,America/Los_Angeles,,0,3,False,47522.0,1,,,True,0,2020-12-28T02:42:45.740Z,,089ff209-7d12-4e80-911f-f118626964a0,,A dead Chinook salmon that seemed to have jumped out of the fish ladder and onto a nearby maintenance platform,neontetraploid,Actinopterygii,[],0,2016-09-09T03:40:58.252Z,2020-03-14T17:08:35.833Z,2015-07-10T08:45:00.000Z,False,"{'login': 'neontetraploid', 'user_icon_url': 'https://static.inaturalist.org/attachments/users/icons/220795/thumb.jpg?1571195220'}",Oncorhynchus,genus,48460/1/2/355675/47178/47521/47520/342904,Pacific Salmons and Trouts,534702,Pacific Salmons and Trouts,True,English,50.0,https://inaturalist-open-data.s3.amazonaws.com/photos/4823306/medium.jpeg?1473390522,
62,1897522,2015-08-16,Salmon using the fish ladder.,47.664677,-122.397156,16.0,,Sockeye Salmon,2544,69922,2015-08-27T23:44:20.951Z,2020-04-17T18:07:25.537Z,"Seattle, Washington, United States",False,2015-08-16 19:14:04,47178,1,0,2015-08-16T23:14:04.000Z,Eastern Time (US & Canada),False,False,,,,,research,,,False,CC-BY-NC,http://www.inaturalist.org/observations/1897522,1,0,America/New_York,,0,4,False,69922.0,1,,,True,0,2020-12-28T03:24:11.581Z,,bb088bad-91a5-4ff7-a6ec-f36520afb2c7,open,Salmon using the fish ladder.,dnydick,Actinopterygii,[],0,2015-08-27T23:44:20.951Z,2020-04-17T18:07:25.537Z,2015-08-16T23:14:04.000Z,False,"{'login': 'dnydick', 'user_icon_url': 'https://static.inaturalist.org/attachments/users/icons/2544/thumb.jpg?1475528510'}",Oncorhynchus nerka,species,48460/1/2/355675/47178/47521/47520/342904/47522,Sockeye Salmon,223525,Sockeye Salmon,True,English,50.0,https://inaturalist-open-data.s3.amazonaws.com/photos/2314961/medium.jpg?1444526777,
63,465967,2013-11-23,"Dead coho (silver) salmon carcass in the wetland area of Piper's Creek in Carkeek Park, Seattle. We're having a fantastic run of chum salmon this year, but seeing a coho in the creek is especially exciting!",47.711669,-122.377409,17.0,,Coho salmon,14224,53692,2013-11-23T23:31:50.065Z,2020-03-15T18:38:54.827Z,"Carkeek Park, Seattle, WA",False,2013-11-23 11:30 AM,47178,2,0,2013-11-23T19:30:00.000Z,Pacific Time (US & Canada),False,False,,,,,research,,,False,CC-BY-NC,http://www.inaturalist.org/observations/465967,2,0,America/Los_Angeles,,0,3,False,53692.0,1,,,True,0,2020-12-28T02:44:07.821Z,,1d6e905a-ae19-4e87-9f4d-575c51ac632d,,"Dead coho (silver) salmon carcass in the wetland area of Piper&#39;s Creek in Carkeek Park, Seattle. We&#39;re having a fantastic run of chum salmon this y...",alileighlilly,Actinopterygii,"['urban', 'city park', 'Seattle', 'Pacific Northwest']",0,2013-11-23T23:31:50.065Z,2020-03-15T18:38:54.827Z,2013-11-23T19:30:00.000Z,False,"{'login': 'alileighlilly', 'user_icon_url': 'https://static.inaturalist.org/attachments/users/icons/14224/thumb.jpg?1475534139'}",Oncorhynchus kisutch,species,48460/1/2/355675/47178/47521/47520/342904/47522,Coho Salmon,85145,Coho Salmon,True,English,50.0,https://inaturalist-open-data.s3.amazonaws.com/photos/587776/medium.jpg?1444339646,
